{"cameraMode":{"drawMode":0,"name":"Shaded","section":"Shading Mode"},"sceneLighting":false,"audioPlay":false,"sceneViewState":{"showFog":true,"showMaterialUpdate":false,"showSkybox":false,"showFlares":true,"showImageEffects":true,"showParticleSystems":true},"in2DMode":false,"pivot":{"x":82.63331604003906,"y":20.143821716308595,"z":-82.72332763671875},"rotation":{"x":-0.13595163822174073,"y":0.322643518447876,"z":-0.04689798504114151,"w":-0.9355565309524536},"size":417.51446533203127,"orthographic":false}