{"cameraMode":{"drawMode":0,"name":"Shaded","section":"Shading Mode"},"sceneLighting":false,"audioPlay":false,"sceneViewState":{"showFog":true,"showMaterialUpdate":false,"showSkybox":true,"showFlares":true,"showImageEffects":true,"showParticleSystems":true},"in2DMode":false,"pivot":{"x":-0.557193398475647,"y":-34.79715347290039,"z":-37.93749237060547},"rotation":{"x":0.002512025646865368,"y":-0.9459818601608276,"z":0.32434967160224917,"w":0.007034461945295334},"size":65.19969177246094,"orthographic":false}