{"cameraMode":{"drawMode":0,"name":"Shaded","section":"Shading Mode"},"sceneLighting":true,"audioPlay":false,"sceneViewState":{"showFog":true,"showMaterialUpdate":false,"showSkybox":true,"showFlares":true,"showImageEffects":true,"showParticleSystems":true},"in2DMode":false,"pivot":{"x":-0.15720759332180024,"y":10.637746810913086,"z":-2.233480453491211},"rotation":{"x":0.5212932229042053,"y":0.008959680795669556,"z":-0.005473901052027941,"w":0.8533178567886353},"size":4.0578837394714359,"orthographic":false}