{"cameraMode":{"drawMode":0,"name":"Shaded","section":"Shading Mode"},"sceneLighting":true,"audioPlay":false,"sceneViewState":{"showFog":true,"showMaterialUpdate":false,"showSkybox":false,"showFlares":true,"showImageEffects":true,"showParticleSystems":true},"in2DMode":false,"pivot":{"x":-0.7218474745750427,"y":-0.252685546875,"z":1.3857567310333253},"rotation":{"x":-0.13861976563930512,"y":-0.17520800232887269,"z":0.024935953319072725,"w":-0.9744383096694946},"size":13.05700397491455,"orthographic":false}