{"cameraMode":{"drawMode":0,"name":"Shaded","section":"Shading Mode"},"sceneLighting":true,"audioPlay":false,"sceneViewState":{"showFog":true,"showMaterialUpdate":false,"showSkybox":false,"showFlares":true,"showImageEffects":true,"showParticleSystems":true},"in2DMode":false,"pivot":{"x":-0.032219886779785159,"y":0.053467750549316409,"z":0.004704475402832031},"rotation":{"x":-0.2098865509033203,"y":0.1277637481689453,"z":-0.027664167806506158,"w":-0.9689764976501465},"size":18.1799373626709,"orthographic":false}