{"cameraMode":{"drawMode":0,"name":"Shaded","section":"Shading Mode"},"sceneLighting":true,"audioPlay":false,"sceneViewState":{"showFog":true,"showMaterialUpdate":false,"showSkybox":false,"showFlares":true,"showImageEffects":true,"showParticleSystems":true},"in2DMode":false,"pivot":{"x":-0.032219886779785159,"y":0.053467750549316409,"z":0.004704475402832031},"rotation":{"x":-0.22045128047466279,"y":0.018139837309718133,"z":-0.004090651869773865,"w":-0.9752486348152161},"size":13.446344375610352,"orthographic":false}