{"cameraMode":{"drawMode":0,"name":"Shaded","section":"Shading Mode"},"sceneLighting":true,"audioPlay":false,"sceneViewState":{"showFog":true,"showMaterialUpdate":false,"showSkybox":false,"showFlares":true,"showImageEffects":true,"showParticleSystems":true},"in2DMode":false,"pivot":{"x":-0.032219886779785159,"y":0.053467750549316409,"z":0.004704475402832031},"rotation":{"x":-0.2190849632024765,"y":-0.2196790724992752,"z":0.05070627108216286,"w":-0.9493292570114136},"size":16.12552261352539,"orthographic":false}