{"cameraMode":{"drawMode":0,"name":"Shaded","section":"Shading Mode"},"sceneLighting":true,"audioPlay":false,"sceneViewState":{"showFog":true,"showMaterialUpdate":false,"showSkybox":true,"showFlares":true,"showImageEffects":true,"showParticleSystems":true},"in2DMode":false,"pivot":{"x":-33.26099395751953,"y":-69.57575988769531,"z":-5.4561543464660648},"rotation":{"x":0.00024306507839355618,"y":-0.9133489727973938,"z":0.4072287380695343,"w":0.0005559325218200684},"size":1498.40625,"orthographic":false}