{"cameraMode":{"drawMode":0,"name":"Shaded","section":"Shading Mode"},"sceneLighting":true,"audioPlay":false,"sceneViewState":{"showFog":true,"showMaterialUpdate":false,"showSkybox":true,"showFlares":true,"showImageEffects":true,"showParticleSystems":true},"in2DMode":false,"pivot":{"x":-0.032219886779785159,"y":1.5499999523162842,"z":0.004704475402832031},"rotation":{"x":-0.18318863213062287,"y":0.1348952054977417,"z":-0.025385309010744096,"w":-0.9734504222869873},"size":17.809568405151368,"orthographic":false}